INSERT INTO Songs (Title, BandName) VALUES
('Aint Life Grand', 'Kane Brown'),
('Old Town Road', 'Lil Nas X'),
('Better Now', 'Post Malone'),
('Congratulations', 'Post Malone'),
('This Aint A Scene', 'Fall Out Boy'),
('Thanks For the Memories', 'Fall Out Boy'),
('Flowers', 'Miley Cyrus'),
('Kill Bill', 'SZA'),
('Love Again', 'The Kid LARIO'),
('Gossip', 'Maneskin'),
('Im not here to make friends', 'Sam Smith'),
('Giddy Up', 'Shania Twain'),
('Trustfall', 'P!nk'),
('Queen of Kings', 'Alessandra'),
('F64', 'Ed Sheeran'),
('Voices', 'KSI, Oliver Tree'),
('I Want It That Way', 'Back Street Boys'),
('I Will Survive', 'Gloria Gaynor'),
('Bohemian Rhapsody', 'Queen'),
('Say It Ain\'t So', 'Weezer'),
('Love Shack', 'B-52s'),
('Life\'s A Mess II', 'Juice WRLD'),
('Circles', 'Post Malone'),
('White Iverson', 'Post Malone'),
('Heroes', 'David Bowie'), 
('Transformer', 'Lou Reed'), 
('Under Pressure', 'Queen & David Bowie'), 
('Lust for Life', 'Iggy Pop'), 
('Raw Power', 'Iggy and The Stooges')
('Heat Waves', 'Glass Animals';

INSERT INTO Contributors (Name) VALUES
('Kane Brown'),
('Lil Nas X'),
('Post Malone'),
('Fall Out Boy'),
('Miley Cyrus'),
('SZA'),
('The Kid LARIO'),
('Maneskin'),
('Sam Smith'),
('Shania Twain'),
('P!nk'),
('Alessandra'),
('Ed Sheeran'),
('KSI'),
('Oliver Tree'),
('Back Street Boys'),
('Gloria Gaynor'),
('Queen'),
('Weezer'),
('B-52s'),
('Juice WRLD'),
('David Bowie'), 
('Lou Reed'), 
('Iggy Pop'), 
('Iggy and The Stooges'),
('Glass Animals');

INSERT INTO SongContributors (SongID, ContributorID, Role) VALUES 
(1, 1, 'Performer'),
(2, 2, 'Performer'),
(3, 3, 'performer'),
(4, 3, 'performer'),
(5, 4, 'performer'),
(6, 4, 'performer'),
(7, 5, 'performer'),
(8, 6, 'performer'),
(9, 7, 'performer'),
(10, 8, 'performer'),
(11, 9, 'performer'),
(12, 10, 'performer'),
(13, 11, 'performer'),
(14, 12, 'performer'),
(15, 13, 'performer'),
(16, 14, 'performer'),
(16, 15, 'performer'),
(17, 16, 'performer'),
(18, 17, 'performer'),
(19, 18, 'performer'),
(20, 19, 'performer'),
(21, 20, 'performer'),
(22, 21, 'performer'),
(23, 3, 'performer'),
(24, 3, 'performer'),
(25, 22, 'performer'),
(26, 23, 'performer'),
(27, 18, 'performer'),
(27, 22, 'performer'),
(28, 24, 'performer'),
(29, 25, 'performer'),
(30, 26, 'performer');